_id,action,createdAt,details,targetId,targetType,userId
69801aa428500bcfc5096da4,APPROVE_LEAVE,2026-02-02 03:31:48.622000,Approved leave for employee,6980167b28500bcfc5096da2,LeaveRequest,697f4b0253061dbd6d878dec
69801aad28500bcfc5096da5,REJECT_LEAVE,2026-02-02 03:31:57.017000,Rejected leave for Employee. Reason: ป่วยไม่ได้ ห้ามป่วย,697f8ec6295e41bd00db4d4f,LeaveRequest,697f4b0253061dbd6d878dec
69801b3328500bcfc5096da6,APPROVE_LEAVE,2026-02-02 03:34:11.404000,Approved leave for employee,6978724f64060f654124767b,LeaveRequest,6977294f0c6001df4bf44c9a
69801b3b28500bcfc5096da7,REJECT_LEAVE,2026-02-02 03:34:19.267000,Rejected leave for employee. Reason: ไม่ให้ไป,697e3431e93e4270190207be,LeaveRequest,6977294f0c6001df4bf44c9a
69801c3028500bcfc5096daa,UPDATE_USER,2026-02-02 03:38:24.509000,Updated user adminDiww,69707172407a382db0243cb7,User,6977294f0c6001df4bf44c9a
69801c3428500bcfc5096dab,UPDATE_USER,2026-02-02 03:38:28.112000,Updated user adminDiw,69707172407a382db0243cb7,User,6977294f0c6001df4bf44c9a
69801d4928500bcfc5096dae,REJECT_LEAVE,2026-02-02 03:43:05.546000,Rejected leave for hrr. Reason: ไม่ให้ไป อย่าไป,69801ca728500bcfc5096dac,LeaveRequest,6977294f0c6001df4bf44c9a
69801ec028500bcfc5096db1,APPROVE_LEAVE,2026-02-02 03:49:20.895000,Approved leave for hrr,69801d9b28500bcfc5096daf,LeaveRequest,697f4b0253061dbd6d878dec
69803f7c21244b66d8f8b455,APPROVE_LEAVE,2026-02-02 06:09:00.877000,Approved leave for employee,6978443f443e0f60d0e15234,LeaveRequest,697f4b0253061dbd6d878dec
698490dca228a39e0201fbe3,APPROVE_LEAVE,2026-02-05 12:45:16.021000,Approved leave for hrr,69848e25a228a39e0201fbe1,LeaveRequest,6977294f0c6001df4bf44c9a
69849244a228a39e0201fbe8,APPROVE_LEAVE,2026-02-05 12:51:16.031000,Approved leave for hrr,6984922da228a39e0201fbe6,LeaveRequest,6977294f0c6001df4bf44c9a
69849546a228a39e0201fbeb,APPROVE_LEAVE,2026-02-05 13:04:06.627000,Approved leave for hrr,6984953ea228a39e0201fbe9,LeaveRequest,6977294f0c6001df4bf44c9a
6984957aa228a39e0201fbee,APPROVE_LEAVE,2026-02-05 13:04:58.935000,Approved leave for hrr,69849571a228a39e0201fbec,LeaveRequest,6977294f0c6001df4bf44c9a
69849d28a228a39e0201fbef,APPROVE_LEAVE,2026-02-05 13:37:44.408000,Approved leave for hrr,6984922ca228a39e0201fbe4,LeaveRequest,6977294f0c6001df4bf44c9a
69849d2ca228a39e0201fbf0,APPROVE_LEAVE,2026-02-05 13:37:48.365000,Approved leave for manager,69848c9ea228a39e0201fbdf,LeaveRequest,6977294f0c6001df4bf44c9a
69849d2fa228a39e0201fbf1,APPROVE_LEAVE,2026-02-05 13:37:51.432000,Approved leave for manager,698023b928500bcfc5096db2,LeaveRequest,6977294f0c6001df4bf44c9a
6984a613a228a39e0201fbf6,APPROVE_LEAVE,2026-02-05 14:15:47.701000,Approved leave for employee,6984a3faa228a39e0201fbf2,LeaveRequest,6977294f0c6001df4bf44c9a
6984a618a228a39e0201fbf7,APPROVE_LEAVE,2026-02-05 14:15:52.915000,Approved leave for employee,6984a41ea228a39e0201fbf4,LeaveRequest,6977294f0c6001df4bf44c9a
6984a78ea228a39e0201fbfa,APPROVE_LEAVE,2026-02-05 14:22:06.069000,Approved leave for employee,6984a777a228a39e0201fbf8,LeaveRequest,6977294f0c6001df4bf44c9a
6984abaa7849100ffea2fc78,APPROVE_LEAVE,2026-02-05 14:39:38.506000,Approved leave for manager,6984a961a228a39e0201fbfb,LeaveRequest,6977294f0c6001df4bf44c9a
6984abae7849100ffea2fc79,APPROVE_LEAVE,2026-02-05 14:39:42.806000,Approved leave for manager,6984a97fa228a39e0201fbff,LeaveRequest,6977294f0c6001df4bf44c9a
6984abb17849100ffea2fc7a,APPROVE_LEAVE,2026-02-05 14:39:45.403000,Approved leave for manager,6984a96fa228a39e0201fbfd,LeaveRequest,6977294f0c6001df4bf44c9a
6984ad3c7849100ffea2fc7d,APPROVE_LEAVE,2026-02-05 14:46:20.703000,Approved leave for manager,6984acec7849100ffea2fc7b,LeaveRequest,6977294f0c6001df4bf44c9a
69b2c16e3a1ec08adba19b2e,APPROVE_LEAVE,2026-03-12 13:36:46.155000,Approved leave for employee,697b7f60d405e81ed60aff7d,LeaveRequest,6977294f0c6001df4bf44c9a
69b2c4733a1ec08adba19b30,APPROVE_LEAVE,2026-03-12 13:49:39.468000,Approved leave for employee,697e189fe93e4270190207b9,LeaveRequest,697f4b0253061dbd6d878dec
69b31a7f6278a76ae9efd7a0,REJECT_LEAVE,2026-03-12 19:56:47.877000,Rejected leave for test. Reason: ,69b319616278a76ae9efd79d,LeaveRequest,6977294f0c6001df4bf44c9a
69b31ebf6278a76ae9efd7a6,CREATE_LEAVE,2026-03-12 20:14:55.446000,Created leave request for Sick Leave,69b31ebf6278a76ae9efd7a5,LeaveRequest,69b316446278a76ae9efd78d
69b31f5e6278a76ae9efd7a8,CREATE_LEAVE,2026-03-12 20:17:34.822000,Created leave request for Sick Leave,69b31f5e6278a76ae9efd7a7,LeaveRequest,69b316446278a76ae9efd78d
69b31f7a6278a76ae9efd7aa,REJECT_LEAVE,2026-03-12 20:18:02.419000,Rejected leave for test. Reason: ,69b31f5e6278a76ae9efd7a7,LeaveRequest,6977294f0c6001df4bf44c9a
69b324e06278a76ae9efd7b6,REJECT_LEAVE,2026-03-12 20:41:04.826000,Rejected leave for test. Reason: ไม่แนบไฟล์มา,69b324b96278a76ae9efd7b3,LeaveRequest,6977294f0c6001df4bf44c9a
69b32f0d6278a76ae9efd7bb,CREATE_LEAVE,2026-03-12 21:24:29.315000,Created leave request for Annual Leave,69b32f0d6278a76ae9efd7ba,LeaveRequest,69b316446278a76ae9efd78d
69b32f8f6278a76ae9efd7bd,APPROVE_LEAVE,2026-03-12 21:26:39.885000,Approved leave for test,69b32f0d6278a76ae9efd7ba,LeaveRequest,6977294f0c6001df4bf44c9a
69b32ff36278a76ae9efd7bf,CREATE_LEAVE,2026-03-12 21:28:19.047000,Created leave request for Annual Leave,69b32ff36278a76ae9efd7be,LeaveRequest,69b316446278a76ae9efd78d
69b3305e6278a76ae9efd7c1,CREATE_LEAVE,2026-03-12 21:30:06.547000,Created leave request for Annual Leave,69b3305e6278a76ae9efd7c0,LeaveRequest,69b316446278a76ae9efd78d
69b3340c6278a76ae9efd7c3,CREATE_LEAVE,2026-03-12 21:45:48.515000,Created leave request for Annual Leave,69b3340c6278a76ae9efd7c2,LeaveRequest,69b316446278a76ae9efd78d
69b334676278a76ae9efd7c5,CREATE_LEAVE,2026-03-12 21:47:19.736000,Created leave request for Annual Leave,69b334676278a76ae9efd7c4,LeaveRequest,69b316446278a76ae9efd78d
69b334f26278a76ae9efd7c7,CREATE_LEAVE,2026-03-12 21:49:38.429000,Created leave request for Annual Leave,69b334f26278a76ae9efd7c6,LeaveRequest,69b316446278a76ae9efd78d
69b335596278a76ae9efd7c9,CREATE_LEAVE,2026-03-12 21:51:21.402000,Created leave request for Annual Leave,69b335596278a76ae9efd7c8,LeaveRequest,69b316446278a76ae9efd78d
69b335cb6278a76ae9efd7cb,CREATE_LEAVE,2026-03-12 21:53:15.113000,Created leave request for Sick Leave,69b335cb6278a76ae9efd7ca,LeaveRequest,69b316446278a76ae9efd78d
69b335e06278a76ae9efd7cd,APPROVE_LEAVE,2026-03-12 21:53:36.351000,Approved leave for test,69b335cb6278a76ae9efd7ca,LeaveRequest,6977294f0c6001df4bf44c9a
69b336f26278a76ae9efd7cf,APPROVE_LEAVE,2026-03-12 21:58:10.272000,Approved leave for test,69b335596278a76ae9efd7c8,LeaveRequest,6977294f0c6001df4bf44c9a
69b337026278a76ae9efd7d1,REJECT_LEAVE,2026-03-12 21:58:26.839000,Rejected leave for test. Reason: ,69b334f26278a76ae9efd7c6,LeaveRequest,6977294f0c6001df4bf44c9a
69b339216278a76ae9efd7d3,CREATE_LEAVE,2026-03-12 22:07:29.299000,Created leave request for Sick Leave,69b339216278a76ae9efd7d2,LeaveRequest,69b316446278a76ae9efd78d
69b339386278a76ae9efd7d5,APPROVE_LEAVE,2026-03-12 22:07:52.356000,Approved leave for test,69b339216278a76ae9efd7d2,LeaveRequest,697f4b0253061dbd6d878dec
69b339866278a76ae9efd7d7,CREATE_LEAVE,2026-03-12 22:09:10.522000,Created leave request for Sick Leave,69b339866278a76ae9efd7d6,LeaveRequest,69b316446278a76ae9efd78d
69b339936278a76ae9efd7d9,REJECT_LEAVE,2026-03-12 22:09:23.375000,Rejected leave for test. Reason: ,69b339866278a76ae9efd7d6,LeaveRequest,697f4b0253061dbd6d878dec
69b33a466278a76ae9efd7db,CREATE_LEAVE,2026-03-12 22:12:22.574000,Created leave request for Sick Leave,69b33a466278a76ae9efd7da,LeaveRequest,697f4b0253061dbd6d878dec
69b33a816278a76ae9efd7dd,APPROVE_LEAVE,2026-03-12 22:13:21.851000,Approved leave for manager,69b33a466278a76ae9efd7da,LeaveRequest,6977294f0c6001df4bf44c9a
69b33af16278a76ae9efd7df,CREATE_LEAVE,2026-03-12 22:15:13.600000,Created leave request for Sick Leave,69b33af16278a76ae9efd7de,LeaveRequest,697f4b0253061dbd6d878dec
69b33af76278a76ae9efd7e1,APPROVE_LEAVE,2026-03-12 22:15:19.578000,Approved leave for manager,69b33af16278a76ae9efd7de,LeaveRequest,697f4b0253061dbd6d878dec
69b33c0f6278a76ae9efd7e3,CREATE_LEAVE,2026-03-12 22:19:59.891000,Created leave request for Sick Leave,69b33c0f6278a76ae9efd7e2,LeaveRequest,697f4b0253061dbd6d878dec
69b33c3c6278a76ae9efd7e5,CREATE_LEAVE,2026-03-12 22:20:44.573000,Created leave request for Sick Leave,69b33c3c6278a76ae9efd7e4,LeaveRequest,6977294f0c6001df4bf44c9a
69b33c976278a76ae9efd7e7,CREATE_LEAVE,2026-03-12 22:22:15.322000,Created leave request for Sick Leave,69b33c976278a76ae9efd7e6,LeaveRequest,6977294f0c6001df4bf44c9a
69b33ca46278a76ae9efd7e9,APPROVE_LEAVE,2026-03-12 22:22:28.357000,Approved leave for hrr,69b33c976278a76ae9efd7e6,LeaveRequest,69b30ad36278a76ae9efd768
69c66aa4e7693990d7ca5c68,CREATE_LEAVE,2026-03-27 11:31:48.018000,Created leave request for Sick Leave,69c66aa3e7693990d7ca5c67,LeaveRequest,697729310c6001df4bf44c99
69c6b2a27749e3dc99d908a5,CREATE_LEAVE,2026-03-27 16:38:58.658000,Created leave request for Personal Leave,69c6b2a27749e3dc99d908a4,LeaveRequest,697f4b0253061dbd6d878dec
69c6b3167749e3dc99d908a6,DELETE_LEAVE,2026-03-27 16:40:54.772000,Deleted leave request ID: 69c6b2a27749e3dc99d908a4,69c6b2a27749e3dc99d908a4,LeaveRequest,697f4b0253061dbd6d878dec
69c6e6300e37474f63ad8301,CREATE_LEAVE,2026-03-27 20:18:56.538000,Created leave request for Sick Leave,69c6e6300e37474f63ad8300,LeaveRequest,697729310c6001df4bf44c99
69c7cbfc4d2f5a41f90cfcc9,CREATE_LEAVE,2026-03-28 12:39:24.281000,Created leave request for Sick Leave,69c7cbfb4d2f5a41f90cfcc8,LeaveRequest,697729310c6001df4bf44c99
69c7dfe9eb05d6e048d33851,CREATE_LEAVE,2026-03-28 14:04:25.167000,Created leave request for Annual Leave,69c7dfe9eb05d6e048d33850,LeaveRequest,69c7df65eb05d6e048d33844
69c7e3d3eb05d6e048d33854,APPROVE_LEAVE,2026-03-28 14:21:07.169000,Approved leave for personal,69c7dfe9eb05d6e048d33850,LeaveRequest,6977294f0c6001df4bf44c9a
69c7e469eb05d6e048d33856,CREATE_LEAVE,2026-03-28 14:23:37.371000,Created leave request for Annual Leave,69c7e469eb05d6e048d33855,LeaveRequest,69c7df65eb05d6e048d33844
69c7e4bbeb05d6e048d33858,APPROVE_LEAVE,2026-03-28 14:24:59.761000,Approved leave for personal,69c7e469eb05d6e048d33855,LeaveRequest,6977294f0c6001df4bf44c9a
69c7e515eb05d6e048d3385a,CREATE_LEAVE,2026-03-28 14:26:29.647000,Created leave request for Annual Leave,69c7e515eb05d6e048d33859,LeaveRequest,69c7df65eb05d6e048d33844
69c7e88feb05d6e048d3385c,CREATE_LEAVE,2026-03-28 14:41:19.397000,Created leave request for Annual Leave,69c7e88feb05d6e048d3385b,LeaveRequest,69c7df65eb05d6e048d33844
69c7ea38eb05d6e048d3385e,CREATE_LEAVE,2026-03-28 14:48:24.563000,Created leave request for Annual Leave,69c7ea38eb05d6e048d3385d,LeaveRequest,69c7df65eb05d6e048d33844
69c7eb14eb05d6e048d33860,CREATE_LEAVE,2026-03-28 14:52:04.632000,Created leave request for Annual Leave,69c7eb14eb05d6e048d3385f,LeaveRequest,69c7df65eb05d6e048d33844
69c7ed66eb05d6e048d33862,CREATE_LEAVE,2026-03-28 15:01:58.542000,Created leave request for Annual Leave,69c7ed66eb05d6e048d33861,LeaveRequest,69c7df65eb05d6e048d33844
69c7eeb6eb05d6e048d33864,CREATE_LEAVE,2026-03-28 15:07:34.950000,Created leave request for Annual Leave,69c7eeb6eb05d6e048d33863,LeaveRequest,69c7df65eb05d6e048d33844
69c7ef04eb05d6e048d33866,CREATE_LEAVE,2026-03-28 15:08:52.785000,Created leave request for Annual Leave,69c7ef04eb05d6e048d33865,LeaveRequest,69c7df65eb05d6e048d33844
69c7ef63eb05d6e048d33868,CREATE_LEAVE,2026-03-28 15:10:27.331000,Created leave request for Annual Leave,69c7ef63eb05d6e048d33867,LeaveRequest,69c7df65eb05d6e048d33844
69c7f6f0c91f6ef4a583e28e,CREATE_LEAVE,2026-03-28 15:42:40.864000,Created leave request for Annual Leave,69c7f6f0c91f6ef4a583e28d,LeaveRequest,69c7df65eb05d6e048d33844
69c7fb9dc91f6ef4a583e290,CREATE_LEAVE,2026-03-28 16:02:37.239000,Created leave request for Annual Leave,69c7fb9dc91f6ef4a583e28f,LeaveRequest,69c7df65eb05d6e048d33844
69c7fdaec91f6ef4a583e292,APPROVE_LEAVE,2026-03-28 16:11:26.783000,Approved leave for employee,697e19f3e93e4270190207ba,LeaveRequest,697f4b0253061dbd6d878dec
69c7fe56c91f6ef4a583e294,REJECT_LEAVE,2026-03-28 16:14:14.869000,Rejected leave for employee. Reason: งานโปรเจคเร่งด่วน,697e1b05e93e4270190207bb,LeaveRequest,697f4b0253061dbd6d878dec
69c7ff4fc91f6ef4a583e296,REJECT_LEAVE,2026-03-28 16:18:23.791000,Rejected leave for employee. Reason: ,697e2773e93e4270190207bc,LeaveRequest,697f4b0253061dbd6d878dec
69c8011dc91f6ef4a583e298,CREATE_LEAVE,2026-03-28 16:26:05.859000,Created leave request for Sick Leave,69c8011dc91f6ef4a583e297,LeaveRequest,697f4b0253061dbd6d878dec
69c80144c91f6ef4a583e29a,APPROVE_LEAVE,2026-03-28 16:26:44.459000,Approved leave for manager,69c8011dc91f6ef4a583e297,LeaveRequest,6977294f0c6001df4bf44c9a
69c802aac91f6ef4a583e2a4,APPROVE_LEAVE,2026-03-28 16:32:42.870000,Approved leave for hrr,69b33c3c6278a76ae9efd7e4,LeaveRequest,69c80260c91f6ef4a583e29c
69c841b0c64092772f1fe1e9,CREATE_LEAVE,2026-03-28 21:01:36.963000,Created leave request for Unpaid Leave,69c841b0c64092772f1fe1e8,LeaveRequest,69c7df65eb05d6e048d33844
69c84585c64092772f1fe1fe,CREATE_LEAVE,2026-03-28 21:17:57.523000,Created leave request for Sick Leave,69c84585c64092772f1fe1fd,LeaveRequest,69c84506c64092772f1fe1f1
69c845a4c64092772f1fe200,APPROVE_LEAVE,2026-03-28 21:18:28.574000,Approved leave for papxd,69c84585c64092772f1fe1fd,LeaveRequest,6977294f0c6001df4bf44c9a
69c84a5dc64092772f1fe202,CREATE_LEAVE,2026-03-28 21:38:37.052000,Created leave request for Sick Leave,69c84a5cc64092772f1fe201,LeaveRequest,697f4b0253061dbd6d878dec
69c84a70c64092772f1fe204,REJECT_LEAVE,2026-03-28 21:38:56.457000,Rejected leave for manager. Reason: d,69c84a5cc64092772f1fe201,LeaveRequest,6977294f0c6001df4bf44c9a
69c84a72c64092772f1fe206,REJECT_LEAVE,2026-03-28 21:38:58.366000,Rejected leave for personal. Reason: d,69c8428fc64092772f1fe1ea,LeaveRequest,6977294f0c6001df4bf44c9a
69c84a73c64092772f1fe208,REJECT_LEAVE,2026-03-28 21:38:59.652000,Rejected leave for personal. Reason: d,69c841b0c64092772f1fe1e8,LeaveRequest,6977294f0c6001df4bf44c9a
69c9514010055fa5e7fb83c6,CREATE_LEAVE,2026-03-29 16:20:16.363000,Created leave request for Sick Leave,69c9514010055fa5e7fb83c5,LeaveRequest,69c947fe89315d51bac071d7
69c996b34f15ddb1a957ecdc,APPROVE_LEAVE,2026-03-29 21:16:35.695000,Approved leave for sick,69c9946a4f15ddb1a957ecd2,LeaveRequest,69c996854f15ddb1a957ecd4
69c998884f15ddb1a957ecec,CREATE_LEAVE,2026-03-29 21:24:24.302000,Created leave request for Unpaid Leave,69c998884f15ddb1a957eceb,LeaveRequest,69c997d34f15ddb1a957ecdd
69c998bf4f15ddb1a957ecee,APPROVE_LEAVE,2026-03-29 21:25:19.089000,Approved leave for employee,69c968b9d974f49d21cbd662,LeaveRequest,69c997f94f15ddb1a957ece4
69c99bdd4f15ddb1a957ecf0,REJECT_LEAVE,2026-03-29 21:38:37.100000,Rejected leave for unpaid. Reason: ลาเกิน 10วันต่อครั้ง,69c998884f15ddb1a957eceb,LeaveRequest,69c997f94f15ddb1a957ece4
69c99c294f15ddb1a957ecf2,CREATE_LEAVE,2026-03-29 21:39:53.982000,Created leave request for Unpaid Leave,69c99c294f15ddb1a957ecf1,LeaveRequest,69c997d34f15ddb1a957ecdd
69c99c694f15ddb1a957ecf6,APPROVE_LEAVE,2026-03-29 21:40:57.642000,Approved leave for unpaid,69c99c294f15ddb1a957ecf1,LeaveRequest,69c997f94f15ddb1a957ece4
69c9a03f4f15ddb1a957ed08,APPROVE_LEAVE,2026-03-29 21:57:19.682000,Approved leave for ordi,69c9a01e4f15ddb1a957ed05,LeaveRequest,69c99e914f15ddb1a957ecfe
69c9da72722973a02040082a,CREATE_LEAVE,2026-03-30 02:05:38.649000,Created leave request for Sick Leave,69c9da72722973a020400829,LeaveRequest,69c92d8d276895ddbb195916
69c9daef722973a02040082d,APPROVE_LEAVE,2026-03-30 02:07:43.954000,Approved leave for employee,69c9da72722973a020400829,LeaveRequest,69c947fe89315d51bac071d7
69cb2fc3233146f06c31841b,APPROVE_LEAVE,2026-03-31 02:21:55.481000,Approved leave for sick,69cb2f5d233146f06c318417,LeaveRequest,69c996854f15ddb1a957ecd4
69cb3575233146f06c31841f,REJECT_LEAVE,2026-03-31 02:46:13.274000,Rejected leave for sick. Reason: มีโปรเจคเร่งด่วน,69cb3425233146f06c31841c,LeaveRequest,69c996854f15ddb1a957ecd4
