_id,fileName,filePath,requestId,uploadedDate
69c8428fc64092772f1fe1eb,images.jpg,/uploads/3690c1d1-b94a-428f-ac6d-6f9b6a23382d_images.jpg,69c8428fc64092772f1fe1ea,2026-03-28 21:05:19.878000
69c968b9d974f49d21cbd663,images.jpg,/uploads/d67ef436-32e5-4a6b-83e5-75f28b7e6842_images.jpg,69c968b9d974f49d21cbd662,2026-03-29 18:00:25.616000
69c96eead974f49d21cbd665,images.jpg,/uploads/59f0ce56-8452-4cf0-9c4e-8e7bff30874e_images.jpg,69c96eead974f49d21cbd664,2026-03-29 18:26:50.913000
69c9946a4f15ddb1a957ecd3,ระบบการลาของพนักงาน.pdf,/uploads/3cf2f0e4-032a-43c7-949c-9566f4cce9ce_ระบบการลาของพนักงาน.pdf,69c9946a4f15ddb1a957ecd2,2026-03-29 21:06:50.592000
69c99c4c4f15ddb1a957ecf4,images.jpg,/uploads/2294e3be-cc13-4481-9d00-b3623003c9ce_images.jpg,69c99c4c4f15ddb1a957ecf3,2026-03-29 21:40:28.015000
69c9a01e4f15ddb1a957ed06,ระบบการลาของพนักงาน.pdf,/uploads/94d26a43-13c3-4d30-a39e-713ca4cd6f5e_ระบบการลาของพนักงาน.pdf,69c9a01e4f15ddb1a957ed05,2026-03-29 21:56:46.980000
69c9dc5c722973a02040082f,ระบบการลาของพนักงาน.pdf,/uploads/60bc2f9b-e54a-436d-80e6-08fc6d20a150_ระบบการลาของพนักงาน.pdf,69c9dc5c722973a02040082e,2026-03-30 02:13:48.561000
69cb2f5e233146f06c318418,Report Database หลือทท 5.pdf,/uploads/a2227077-1120-4d23-9b32-0c94151ec2d2_Report Database หลือทท 5.pdf,69cb2f5d233146f06c318417,2026-03-31 02:20:14.160000
69cb3425233146f06c31841d,Report Database หลือทท 5.pdf,/uploads/833df29f-8102-48e1-982f-da7a0ad0c4a2_Report Database หลือทท 5.pdf,69cb3425233146f06c31841c,2026-03-31 02:40:37.561000
